Title,Company,Location,Easy Apply,Link,Description
,"Pages
56",SDE @ADP|Ex-SDE Intern @DBS Tech India|Ex-Intern @ ADP|CSE VJIT'23,No,https://www.linkedin.com/mynetwork/grow/,"0 notifications
Skip to search
Skip to main content
Skip to sidebar
Skip to primary content

Search

10 suggestions available, use up and down arrow keys to navigate
Recent entity history
Recent
Show all

DevRabbit IT Solutions

• Company • IT Services and IT Consulting

dev rabit

java backend developer

Jobs

Graduate Engineer Trainee

Jobs

Q/A java Engineer fresher

Jobs

Try searching for

naukri com

java developer

java

java software engineer

infoedge

Home
My Network
Jobs
Messaging
Notifications
Me
For Business

Try Premium for ₹0

Manage my network

Connections
174
Following & followers
Groups
Events
Pages
56
Newsletters
6

About

Accessibility

Help Center

Privacy & Terms

Ad Choices

Advertising

Business Services

Get the LinkedIn app

More

LinkedIn Corporation © 2026

Grow
Catch up
Invitations (4)
Show all

Newsletter • Monthly

BNP Paribas invited you to subscribe to Sustainable Finance at Scale

Ignore
Accept

Newsletter • Weekly

avua invited you to subscribe to Inside the Job Market

Ignore
Accept

Newsletter • Monthly

PDI Technologies invited you to subscribe to C-Store Loyalty Insider 

Ignore
Accept

📫 You’ve been selected to join.

Your move, G BHANU.

Patches is LinkedIn’s new daily puzzle.

Solve now

People who viewed your profile

Technology Manager

Sahaj Software

View

Software Developer

ProBuddy Software Solutions Pvt. Ltd.

View

Software Developer

ProBuddy Software Solutions Pvt. Ltd.

View

Unlock all with Premium

Try Premium for ₹0
People you may know based on your recent activity
Show all

Pavan Kumar 

Learner, Explorer, Founder, CEO & Principal (AI Agents/AiPaaS/API/B2B/MDH/Digital Transformation Expert) at EasyStepIn

SAI DINESH is a mutual connection

Connect

Bhaskar B 

Associate Accountant | 5+ Years Experience in Financial Reporting, Tax and Statutory Compliance & Audit Support | Skilled in Tally ERP, MS Excel, QuickBooks

Gangadhar and 8 other mutual connections

Connect

Shashikant S Desai

Software Engineer | GRC Domain | Oracle SQL & PL/SQL | Java | JavaScript | Passionate About Building Scalable Enterprise Solutions

Gangadhar and 5 other mutual connections

Connect

Panindranatha Reddy MachiReddy 

MSSQL SERVER DBA | Power_BI -Admin | SSIS-Admin | SSRS- Admin | AZURE Admin | RPA ADMIN.

Connect

Somireddy T. 

Programmer Analyst | Java • Spring Boot • Kotlin • Microservices | Cognizant

Vasi and 20 other mutual connections

Connect

Abhinav Tiwari 

Independent SQL Server & PostgreSQL Consultant (DBA) | I fix slow databases, prevent outages, and deliver critical migrations

Lokesh is a mutual connection

Connect

Pawan Martha 

SDE @ADP|Ex-SDE Intern @DBS Tech India|Ex-Intern @ ADP|CSE VJIT'23

Connect

Sai Krishna Karanam 

Sr Cloud Database Engineer at Rackspace

Connect"
,,,Yes,https://www.linkedin.com/jobs/,"0 notifications
Skip to search
Skip to main content
Skip to sidebar
Skip to primary content
Home
My Network
Jobs
Messaging
Notifications
Me
For Business

Try Premium for ₹0

G BHANU PRASAD

Java Backend Developer | Spring Boot · REST APIs · MySQL | Open to Full-Time Roles

Bengaluru, Karnataka

Experience

Preferences
Job tracker
My Career Insights
Post a free job

About

Accessibility

Help Center

Privacy & Terms

Ad Choices

Advertising

Business Services

Get the LinkedIn app

More

LinkedIn Corporation © 2026

Jobs based on your preferences

Junior Java Developer or Back End Developer or Software Engineer or Java Software Engineer or Graduate Software Engineer, on-site or hybrid or remote in Bengaluru or Hyderabad or Chennai

Selected, Software Engineer_Backend Developer (Verified job)
Software Engineer_Backend Developer 

FundsIndia

 • 

Chennai (On-site)

Actively reviewing applicants

Viewed

 · 

Promoted

 · 

 Easy Apply

Java Backend Developer
Java Backend Developer

Viraaj HR Solutions Private Limited

 • 

Bengaluru (On-site)

 • 

1M INR/yr - 3M INR/yr

Posted 2 days ago
2 days ago

 · 

 Easy Apply

SDE I - Backend (Verified job)
SDE I - Backend 

Netomi

 • 

India (Remote)

Posted 2 months ago
2 months ago

Show all
More jobs for you

Based on your profile, preferences, and activity like applies, searches, and saves

Backend Developer | $25/hr Remote

Crossing Hurdles

 • 

India (Remote)

 • 

$25/hr - $25/hr

Actively reviewing applicants

Promoted

 · 

 Easy Apply

Full Stack Engineer

NxtWave (Hiring for a client)

 • 

Bengaluru (On-site)

Promoted

Java Springboot Microservices 

Infosys

 • 

Bengaluru East

4 connections work here

Promoted

Software Engineer 

Cognizant

 • 

Bangalore Urban (Hybrid)

7 connections work here

Promoted

Back End Developer 

Vontier

 • 

Bengaluru

Viewed

 · 

Promoted

Java Fullstack Engineer 

Ascendion

 • 

Bengaluru

Posted 1 week ago
1 week ago

 Java Developer

LanceSoft Middle East

 • 

Bengaluru (Remote)

Actively reviewing applicants

Promoted

 · 

 Easy Apply

Associate Software Engineer 

Ecolab

 • 

Bengaluru East

Promoted

Back End Developer 

Capco

 • 

Bangalore Urban (Hybrid)

Actively reviewing applicants

Promoted

 · 

 Easy Apply

Developer 

Mphasis

 • 

Bengaluru (Hybrid)

Promoted

Full Stack Engineer 

Quest Global

 • 

Bengaluru (On-site)

Actively reviewing applicants

Promoted

 · 

 Easy Apply

Software Engineer.I-2 

Zebra Technologies

 • 

Bengaluru

Promoted

 · 

Be an early applicant"
